101,1:23:45,1,95
101,Please Remain Calm,1,96
101,Open Wide O Earth,1,96
101,The Happiness of All Mankind,1,94
101,Víchnaya Pámyat,1,99
102,Part 1,1,79
102,Part 2,1,81
102,Part 3 ,1,79
102,Part 4,1,83
103,The Fight of the Century,1,75
103,Bootstraps,1,77
103,The Walker Girl,1,77
103,A Credit to the Race,1,78
104,The Old Grist Mill,1,81
104,Hard Times at the Huskin' Bee,1,85
104,Schooltown Follies,1,90
104,Songs of the Dark Lantern,1,84
104,Mad Love,1,81
105,Se busca ayuda,1,88
105,Pompas de jabón,1,86
105,Pesca de medusas,1,85
105,Los traviesos vecinos náuticos,1,86
107,The Happiest Place on Earth,1,91
107,What Would Walt Do?,1,89
107,The Midas Touch,1,90
107,Hit or Miss,1,88
107,A Carousel of Progress,1,91
108,Enter: Naruto Uzumaki,1,90
108,My Name is Konohamaru,1,90
108,Sasuke and Sakura: Friends or Foes?,1,90
108,Pass or Fail: Survival Test,1,90
108,Puro 100 en esta clase,1,90
109,Brother´s War,2,90
109,Treachery,2,99
109,Eye for an Eye,2,89
109,Unforgiven,2,92
109,Boneless,2,100
110,Bienvenida,1,93
110,Ross and Rachel,4,100
110,Chandler and Monica,6,97
110,Adios,13,100
111,Tourist Trapped,1,84
111,Dreamscaperers,1,93
111,Sock Opera,2,88
111,A Tale of Two Stans,2,96
111,Weirdmageddon 3: Take Back the Falls,2,98
112,Welcome to the Playground,1,89
112,Some Mysteries Are Better Left Unsolved,1,90
112,The Base Violence Necessary for Change,1,98
112,Happy Progress Day!,1,91
112,Everybody Wants to Be My Enemy,1,93
113,I Protest Against Any Absolute Conclusion,2,91
113,What We Have Been Makes Us What We Are,2,91
113,The Growing Good of the World,2,92
113,What Can Stop the Determined Heart,3,95
113,The Better Feeling of My Heart,3,96
114,Openings,1,90
114,Exchanges,1,88
114,Doubled Pawns,1,92
114,Middle Games,1,89
114,Fork,1,85
114,Adjournment,1,92
114,Endgame,1,94
116,Todas las madres son iguales no importa donde ,2,90
116,Las peleas comunmente suceden en el destino del viaje,3,96
116,Meterse en una pelea es peligroso,3,100
116,La vida trata sobre hacer decisiones consecutivas,3,100
116,"Aquellos que se sostienen en cuatro patas son bestias aquellos que se sostienen en dos piernas agalla y gloria son hombres",3,100
117,El destino de los aventureros,1,95
117,El que mata a los duendes,1,100
117,Hacia la muerte,1,100
117,Dormitando ,1,100
117,El destino de un aventurero,1,100
118,Triple Point,3,100
118,Delta-V,3,91
119,Intransigence,3,89
119,New Terra,4,99
119,Exodus,5,85
132,"To You in 2000 Years: The Fall of Shiganshina Part 1",1,93
132,That Day: The Fall of Shiganshina Part 2,1,88
132,A Dim Light Amid Despair: Humanity's Comeback Part 1,1,85
132,The Night of the Closing Ceremony: Humanity's Comeback Part 2,1,89
132,First Battle: The Struggle for Trost Part 1,1,94
132,The World the Girl Saw: The Struggle for Trost Part 2,1,91
132,Small Blade: The Struggle for Trost Part 3,1,91
132,I Can Hear His Heartbeat: The Struggle for Trost Part 4,1,93
132,Whereabouts of His Left Arm: The Struggle for Trost Part 5,1,90
132,Response: The Struggle for Trost Part 6,1,87
132,Idol: The Struggle for Trost Part 7,1,87
132,Wound: The Struggle for Trost Part 8,1,87
132,Primal Desire: The Struggle for Trost Part 9,1,92
132,Since That Day,1,92
132,Can't Look into His Eyes Yet: Eve of the Counterattack Part 1,1,88
132,Special Operations Squad: Eve of the Counterattack Part 2,1,85
132,What Needs to Be Done Now: Eve of the Counterattack Part 3,1,86
132,Female Titan: The 57th Exterior Scouting Mission Part 1,1,93
132,Forest of Giant Trees: The 57th Exterior Scouting Mission Part 2,1,91
132,Bite: The 57th Exterior Scouting Mission Part 3,1,92
132,Erwin Smith: The 57th Exterior Scouting Mission Part 4,1,93
132,Crushing Blow: The 57th Exterior Scouting Mission Part 5,1,96
132,The Defeated: The 57th Exterior Scouting Mission Part 6,1,92
132,Smile: Assault on Stohess Part 1,1,92
132,Mercy: Assault on Stohess Part 2,1,93
132,Wall: Assault on Stohess Part 3,1,95
132,Beast Titan,2,94
132,I'm Home,2,88
132,Southwestward,2,90
132,Soldier,2,94
132,Historia,2,94
132,Warrior,2,99
132,Close Combat,2,97
132,The Hunters,2,88
132,Opening,2,89
132,Children,2,92
132,Charge,2,96
132,Scream,2,98
132,Smoke Signal,3,92
132,Pain,3,95
132,Old Story,3,91
132,Trust,3,89
132,Reply,3,93
132,Sin ,3,95
132,Wish,3,97
132,Outside the Walls of Orvud District,3,92
132,Ruler of the Walls,3,95
132,Friends,3,94
132,Bystander,3,94
132,Night of the Battle to Retake the Wall,3,92
132,The Town Where Everything Began,3,97
132,Thunder Spears,3,97
132,Descent,3,97
132,Perfect Game,3,99
132,Hero,3,99
132,Midnight Sun,3,99
132,The Basement,3,94
132,That Day,3,99
132,Attack Titan,3,97
132,The Other Side of the Wall,3,96
132,The Other Side of the Sea,4,95
132,Midnight Train,4,90
132,The Door of Hope,4,95
132,From One Hand to Another,4,92
132,Declaration of War,4,99
132,The War Hammer Titan,4,99
132,Assault,4,99
132,Assassin's Bullet,4,96
132,Brave Volunteers,4,92
132,A Sound Argument,4,89
132,Deceiver,4,91
132,Guides,4,92
132,Children of the Forest,4,97
135,Moonlit Plains,1,78
135,Frozen Nights,1,82
135,Jungle Nights,1,79
135,Dark Seas,1,82
135,Sleepless Cities,1,82
135,Dusk Till Dawn,1,79
136,Volver a empezar,1,90
136,El pacto del dragón,1,85
141,Crueldad,1,90
141,Siempre Juntos,1,87
142,Dios del Fuego,1,100
142,Episodio 1,1,85
142,Episodio 2,1,80
142,Episodio 3,1,78
142,Episodio 4,1,80
145,The Black Lagoon,1,75
145,Mangrove Heaven,1,77
145,Ring-Ding Ship Chase,1,74
145,Die Rückkehr des Adlers,1,74
145,Eagle Hunting and Hunting Eagles,1,75
145,Moonlit Hunting Grounds,1,79
145,"Calm Down - Two Men",1,84
145,Rasta Blasta,1,75
145,Maid to Kill,1,81
145,The Unstoppable Chambermaid,1,78
145,Lock 'n' Load Revolution,1,76
145,Guerrillas in the Jungle,1,77
145,The Vampire Twins Comen,2,79
145,Bloodsport Fairytale,2,80
145,Swan Song at Dawn,2,87
145,Greenback Jane,2,75
145,The Roanapur Freakshow Circus,2,81
145,Mr. Benny's Good Fortune,2,80
145,Fujiyama Gangsta Paradise,2,76
145,The Succession,2,76
145,Two Father's Little Soldier Girls,2,80
145,The Dark Tower,2,83
145,Snow White's Payback,2,79
145,The Gunslingers,2,83
137,Pilot,1,100
137,Is here,3,100
137,It's gone,5,99
137,The final,7,100
146,El futuro distante,1,100
146,El capitan Yami Sukehiro,1,100
146,El golpe final,1,100
146,Más allá del límite,1,100
146,El camino hasta ser Rey Mago,1,92
147,First Bottle,1,83
147,Breakthrough Pain,1,86
147,The 5th Vital Sign,1,88
147,Pseudo-Addiction,1,88
147,The Whistleblower,1,89
147,Hammer the Abusers,1,91
147,Black Box Warning,1,93
147,The People vs. Purdue Pharma,1,91
100,Pilot,1,90
100,The big bang hypothesis,1,70
100,The Fuzzyboots Corollary,1,83
100,The Luminous Fish Effect,1,81
100,The Hamburger Postulate,1,86
100,The Middle Earth Paradigm,1,90
100,The Dumpling Paradox,1,85
100,The Grasshopper Experiment,1,81
100,The Cooper-HofstadterPolarization,1,89
100,The Loobenfeld Decay,1,86
100,The Pancake Batter Anomaly,1,85
100,The Jerusalem Duality,1,83
100,The Bat Jar Conjecture,1,82
100,The Nerdvana Annihilation,1,83
100,The Shiksa Indeterminacy,1,81
100,The Peanut Reaction,1,81
100,The Tangerine Factor,1,81
