100,The Big Bang Theory,8370,Comedia,81,279
101,Chernobyl,330,Drama,98,5
102,Unorthodox,240,Drama,80,4
103,Self Made: Inspired by the Life of Madam C.J. Walker,189,Drama,73,4
104,Over the Garden Wall,109,Animación,99,10
105,Bob Esponja,220,Comedia,96,20
106,Collateral,232,Drama,78,4
107,The Imagineering Story,385,Docuseries,90,5
108,Naruto,500,Animación,90,5
109,Vikings,420,Drama,99,10
110,Friends,250,Comedia,100,25
111,Gravity Falls,920,Animación,100,40
112,Arcane,360,Animación,100,9
113,Anne with an E,1232,Drama,87,27
114,The Queen's Gambit,403,Drama,100,7
115,Avatar: the Last Airbender,1454,Animación,100,61
116,Gintama,7340,Comedia,100,367
117,Goblin Slayer,264,Ciencia Ficción,100,12
118,The Expanse,2688,Ciencia Ficción,100,56
119,Maid,539,Drama,93,10
120,Violet Evergarden,312,Drama,85,13
121,Atlanta,441,Comedia,100,21
122,Close Enough,682,Animación,100,31
123,Breaking Bad,470,Drama,90,10
124,Better Call Saul,480,Drama,98,9
125,La maldición de Bly Manor,414,Drama,90,9
126,The Office,4560,Comedia,94,201
127,Bojack Horseman,1997,Comedia Dramática,100,49
128,Start Up,980,Drama,90,16
129,Death Note,740,Misterio,90,37
130,Avatar: The Legend of Korra,1248,Animación,95,52
131,Two and a Half Men,5764,Comedia,90,262
132,Attack on Titan,1500,Animación,90,75
133,Lucifer,4460,Comedia,95,93
134,Dark,1470,Misterio,95,26
135,Night on Earth,287,Documental,82,6
136,Little Witch Academia,650,Animación,98,25
137,The Walking Dead,70,Suspenso,100,5
138,The Simpsons,12144,Comedia,98.5,714
139,Utopia,600,Misterio,84,12
140,Dr. House ,7920,Drama,87,176
141,Demon Slayer,2500,Animación,95,32
142,Neon Genesis Evangelion,598,Ciencia Ficción,100,26
143,It's Always Sunny in Philadelphia,3850,Comedia,92,154
144,Band of Brothers,600,Drama,94,10
145,Black Lagoon,504,Misterio,80,24
146,Black clover,4080,Accion,85,170
147,Dopesick,480,Drama,88,8
148,The Big Bang Theory,8370,Comedia,81,279